,id,url,1915,2040,2070,2443,2464,2467,2550,2567,2577,2650,2696,2779,2788,3060,3136,3140,3216,3317,3327,3536,3717,3787,3958,3979,4265,4661,4664,4753
0,,profile/Lluis-Serra-Majem,1915.0,,,,,,,,,,,,,,,,,,,,,,,,,,,
1,,profile/David-Gibbon,,2040.0,,,,,,,,,,,,,,,,,,,,,,,,,,
2,,profile/Asia-Khamzina,,,2070.0,,,,,,,,,,,,,,,,,,,,,,,,,
3,,profile/David-Singleton-5,,,,2443.0,,,,,,,,,,,,,,,,,,,,,,,,
4,,profile/Tini-Garske,,,,,2464.0,,,,,,,,,,,,,,,,,,,,,,,
5,,profile/Ilaria-Dorigatti,,,,,,2467.0,,,,,,,,,,,,,,,,,,,,,,
6,,profile/Hassane-Adakal,,,,,,,2550.0,,,,,,,,,,,,,,,,,,,,,
7,,profile/Dongjing-Zhang,,,,,,,,2567.0,,,,,,,,,,,,,,,,,,,,
8,,profile/Roenick-Olmo,,,,,,,,,2577.0,,,,,,,,,,,,,,,,,,,
9,,profile/Luke-Baton,,,,,,,,,,2650.0,,,,,,,,,,,,,,,,,,
10,,profile/Denise-Brito-4,,,,,,,,,,,2696.0,,,,,,,,,,,,,,,,,
11,,profile/Moses-Zimba,,,,,,,,,,,,2779.0,,,,,,,,,,,,,,,,
12,,profile/Sara-Contu-2,,,,,,,,,,,,,2788.0,,,,,,,,,,,,,,,
13,,profile/Cecile-Lepere,,,,,,,,,,,,,,3060.0,,,,,,,,,,,,,,
14,,profile/Qian-Liu-80,,,,,,,,,,,,,,,3136.0,,,,,,,,,,,,,
15,,profile/Hui-He-42,,,,,,,,,,,,,,,,3140.0,,,,,,,,,,,,
16,,profile/Dongyan-Liu-7,,,,,,,,,,,,,,,,,3216.0,,,,,,,,,,,
17,,profile/Xiaoyi-Guo-3,,,,,,,,,,,,,,,,,,3317.0,,,,,,,,,,
18,,profile/H-Chen-3,,,,,,,,,,,,,,,,,,,3327.0,,,,,,,,,
19,,profile/Mark-Gahegan,,,,,,,,,,,,,,,,,,,,3536.0,,,,,,,,
20,,profile/Sin-Yeung,,,,,,,,,,,,,,,,,,,,,3717.0,,,,,,,
21,,profile/Myriam-Sanchez-Gomez,,,,,,,,,,,,,,,,,,,,,,3787.0,,,,,,
22,,profile/John-Bassett,,,,,,,,,,,,,,,,,,,,,,,3958.0,,,,,
23,,profile/Graham-Williams-3,,,,,,,,,,,,,,,,,,,,,,,,3979.0,,,,
24,,profile/Mary-Waye,,,,,,,,,,,,,,,,,,,,,,,,,4265.0,,,
25,,profile/Osamu-Kano,,,,,,,,,,,,,,,,,,,,,,,,,,4661.0,,
26,,profile/Ikuko-Takeda,,,,,,,,,,,,,,,,,,,,,,,,,,,4664.0,
27,,profile/Akitoshi-Takeda,,,,,,,,,,,,,,,,,,,,,,,,,,,,4753.0
